frame_nmr,car_id,vehicle_type,car_bbox,license_plate_bbox,license_plate_bbox_score,license_number,license_number_score
2023-11-22 15:09:58.909465,1.0,car,[79.18651067744781 67.81938509767514 943.4497384513447 635.7524265962279],[325.86322021484375 368.7645568847656 527.886962890625 517.014892578125],0.5209804773330688,LNB-617-A,0.9982508319662506
2023-11-22 15:10:06.886061,-1,-1,[-1 -1 -1 -1],[338.9425964355469 311.8343200683594 458.6064147949219 392.50994873046875],0.5827073454856873,NZL-52-36,0.9974677419686588
2023-11-22 15:10:07.372286,-1,-1,[-1 -1 -1 -1],[338.92205810546875 311.79034423828125 458.5269470214844 392.5012512207031],0.5832070112228394,NZL-52-36,0.9978614734429937
2023-11-22 15:10:07.872469,1.0,car,[145.65726890516123 45.71780268762211 723.6537828528325 463.21541562635286],[338.59197998046875 299.9314270019531 447.5854187011719 372.8678283691406],0.6218338012695312,658-AUA,0.9988220342390625
2023-11-22 15:10:10.418397,31.0,car,[164.08490840443687 64.16037589048409 894.723651154984 627.6876095317543],[269.3619079589844 351.3146057128906 411.7247619628906 464.08990478515625],0.5909835696220398,276-XRC,0.45841530309864653
2023-11-22 15:10:10.957740,31.0,car,[148.07702254104612 61.95584411930082 929.7773884772228 649.9465637840219],[269.3379821777344 351.3418884277344 411.7165222167969 464.07305908203125],0.5916240811347961,276-XRC,0.46715971326373296
2023-11-22 15:10:11.985795,31.0,car,[86.70747217859554 41.020620331122274 716.5440238818428 497.4914424012169],[189.73121643066406 337.7655029296875 284.9724426269531 414.9377746582031],0.6057054996490479,HGK-028-A,0.8965233317497756
2023-11-22 15:10:15.069959,31.0,car,[86.75022452373753 48.95591965458925 674.3031023793872 471.5520577995927],[189.7355499267578 337.75213623046875 284.96893310546875 414.9415283203125],0.605517566204071,HGK-028-A,0.9003517589666842
2023-11-22 15:10:18.590498,31.0,car,[256.0844310266793 65.84774980596123 782.4837449229976 461.2490403585607],[404.1963806152344 200.05166625976562 497.7976989746094 272.5465087890625],0.6299224495887756,NHH-14-98,0.9425881208468206
2023-11-22 15:10:19.171577,31.0,car,[290.4085388906661 69.7555870914097 789.5908906688655 454.2155673013335],[404.1968994140625 200.07220458984375 497.7919006347656 272.5316162109375],0.6300016641616821,NHH-14-98,0.9411002257913089
2023-11-22 15:10:19.757106,31.0,car,[277.1737592892748 73.13641744686393 798.5799037040479 468.35470093573076],[376.9525451660156 127.12447357177734 489.6114807128906 213.8678741455078],0.5528873801231384,PBJ-20-64,0.9596674740493542
2023-11-22 15:10:20.450033,31.0,car,[268.0910827297699 72.91932663398435 805.5016918073536 475.54134806995853],[376.9700622558594 127.30238342285156 489.5669250488281 213.7188720703125],0.5523995161056519,PBJ-20-64,0.9421335529151644
2023-11-22 15:10:21.063816,31.0,car,[243.6498722009079 84.88269481256299 785.3274845932405 507.82039689455786],[366.6686706542969 225.4127655029297 466.38372802734375 299.23162841796875],0.5792785286903381,PBG-82-91,0.856382039382503
2023-11-22 15:10:23.247120,31.0,car,[94.92559986999782 80.06711793031914 841.5748326195758 567.9905924666779],[352.00640869140625 195.98497009277344 541.1364135742188 310.76470947265625],0.6207705736160278,NJK-16-94,0.9970970135586094
2023-11-22 15:10:26.071438,31.0,truck,[67.95335187710117 78.72808585268228 760.9020003612054 638.6595388448196],[291.8739929199219 483.16424560546875 445.4460754394531 579.457763671875],0.5979259014129639,NHE-12-90,0.989437973794015
2023-11-22 15:10:26.793036,31.0,truck,[86.92127994043852 75.89224537338458 769.3997442175785 644.1768806385257],[291.90399169921875 483.1961364746094 445.4160461425781 579.4365234375],0.597996711730957,NHE-12-90,0.9892307528985067
2023-11-22 15:10:27.506467,31.0,car,[37.97333391384467 57.477300736223356 701.8664352522069 613.9548157331777],[275.2637634277344 220.73963928222656 392.5131530761719 300.5252685546875],0.5920838117599487,NYA-46-41,0.8983570662503358
2023-11-22 15:10:29.582598,31.0,car,[89.27975954623798 66.01059506774607 795.7472558592436 635.0310688677351],[252.97055053710938 299.57696533203125 454.1439514160156 428.6443176269531],0.6600142121315002,NHY-74-251,0.734153246935791
2023-11-22 15:10:30.089303,91.0,car,[52.11830286694118 47.24041474227346 868.919276662069 664.3840778412655],[252.95494079589844 299.5807189941406 454.1490173339844 428.66119384765625],0.6598277688026428,NHY-74-251,0.7445933551821569
2023-11-22 15:10:31.204644,31.0,car,[99.32258231867326 24.954984281700263 823.1875589286585 555.2712104559064],[244.5684051513672 306.30419921875 343.4336242675781 373.6618347167969],0.6093988418579102,B81-YUH,0.5235514964790681
2023-11-22 15:10:31.767691,31.0,car,[96.02651435512439 20.260433973761707 784.041033326088 510.7570333794971],[244.58743286132812 306.3167419433594 343.4284362792969 373.65020751953125],0.6093783378601074,381-YUH,0.44207298887598684
2023-11-22 15:10:32.327477,31.0,car,[26.941643458389876 69.39277443471303 709.846959304036 581.8181745569289],[490.0569763183594 162.3453369140625 569.3405151367188 226.7445831298828],0.32387858629226685,LC-79-648,0.9463237208161636
2023-11-22 15:10:37.580768,116.0,car,[251.6244569246083 86.28243968872795 545.5439743109268 403.0277347941189],[361.4753112792969 235.50888061523438 413.9641418457031 271.520263671875],0.6193087697029114,HHC-10-43,0.6322732481282851
2023-11-22 15:10:40.857712,116.0,car,[250.81691373820567 57.38699212454111 554.348577365393 365.37305090480186],[358.3413391113281 255.44503784179688 423.6724548339844 299.1632080078125],0.6284035444259644,F7-631-,0.14875610688011637
2023-11-22 15:10:43.756072,116.0,car,[249.26311001976907 49.61856687495856 558.4095386266387 351.02795893835895],[358.3945007324219 255.47964477539062 423.632080078125 299.0360412597656],0.6277992129325867,F7-631-,0.13746017162250115
2023-11-22 15:10:47.212691,116.0,car,[217.21559751822463 58.029857313200296 555.9096056055862 387.80219247892444],[342.8498840332031 203.40916442871094 418.1847839355469 253.33534240722656],0.7210603952407837,146-307,0.2525669523075855
2023-11-22 15:10:49.156470,116.0,car,[131.37571829459105 59.82731237558042 586.7912932696545 479.82334734448546],[371.99725341796875 321.7271423339844 453.0099792480469 356.2642822265625],0.7044483423233032,HHHF943-U,0.10815348817538653
2023-11-22 15:10:49.697244,116.0,car,[169.76037637757318 50.74578401122119 618.9903032591853 466.95209455943245],[372.0289611816406 321.7250061035156 452.9976501464844 356.25897216796875],0.7045959830284119,HHA-943-L,0.2573729016276344
2023-11-22 15:10:53.853646,116.0,car,[101.12353203438087 94.36329627353885 554.4243152085161 516.2620742482817],[252.07150268554688 271.3934326171875 352.8214416503906 329.8323669433594],0.6296126246452332,NUH-36-16,0.5340243243532201
2023-11-22 15:10:54.547014,116.0,car,[69.93917470665986 96.23399783627835 540.5576495330387 533.0090235639578],[252.06968688964844 271.2928466796875 352.81463623046875 329.66375732421875],0.630600094795227,NUH-36-16,0.803426094352197
2023-11-22 15:10:55.932925,116.0,car,[124.75137303063573 70.4472275858366 625.7140302742539 540.1116219542638],[339.14794921875 415.793701171875 439.22479248046875 478.91656494140625],0.6550231575965881,XD-176-7,0.4006820926348375
2023-11-22 15:10:56.690198,116.0,car,[118.32404754441154 65.71158616983479 645.7941884287658 551.4909848381726],[339.1268005371094 415.6744079589844 439.2645263671875 478.9578552246094],0.6551656126976013,XD-176-7,0.45834964116600607
2023-11-22 15:10:59.288629,116.0,car,[-7.537349826340176 54.87498391214879 545.284461755889 513.6145292143866],[279.42034912109375 330.5096740722656 427.661865234375 426.2579040527344],0.6407868266105652,PEK-90-63,0.9995427006170463
2023-11-22 15:10:59.939876,116.0,car,[-5.973555870659254 61.88030967961785 560.5642267528583 535.133751924183],[279.41357421875 330.4991455078125 427.6260986328125 426.2692565917969],0.6405144929885864,PEK-90-63,0.9995751326972185
2023-11-22 15:11:05.118306,116.0,car,[113.93461684907163 41.388099565920044 608.5867803940422 477.78538174576045],[325.3629455566406 199.8065643310547 411.85931396484375 258.8192443847656],0.6285555958747864,NTB-17-16,0.49807188281445564
2023-11-22 15:11:05.866890,116.0,car,[125.71982523319292 43.162704614579496 602.7402085512474 469.91696670192175],[325.36358642578125 199.84671020507812 411.83935546875 258.7896423339844],0.6281987428665161,NTB-1Z-16,0.3715175268128268
2023-11-22 15:11:06.657406,116.0,truck,[58.51386637461766 56.52979820052221 567.1539181826379 501.73114456645374],[209.3733673095703 337.65521240234375 351.46722412109375 422.4892578125],0.6093791723251343,PXG-680-,0.9942859992449614
2023-11-22 15:11:10.597853,-1,-1,[-1 -1 -1 -1],[258.7284240722656 183.41461181640625 356.6532287597656 252.46304321289062],0.6003747582435608,F05-BGY,0.99230620214667
2023-11-22 15:11:14.365025,-1,-1,[-1 -1 -1 -1],[258.7363586425781 183.43231201171875 356.64349365234375 252.44480895996094],0.6007130742073059,F05-BGY,0.99230620214667
2023-11-22 15:11:17.991798,116.0,car,[176.30815401420517 76.60169778698 686.9970482903993 542.8501595735872],[458.3644714355469 246.49598693847656 558.4947509765625 334.9937744140625],0.5823893547058105,25J-366,0.9968817734650339
2023-11-22 15:11:18.605807,-1,-1,[-1 -1 -1 -1],[173.42306518554688 154.66433715820312 266.908203125 218.68638610839844],0.6448464393615723,NZK-66-79,0.9994403930339859
2023-11-22 15:11:19.427907,-1,-1,[-1 -1 -1 -1],[173.42601013183594 154.66073608398438 266.9339294433594 218.69894409179688],0.6448712944984436,NZK-66-79,0.9994392801021946
2023-11-22 15:11:22.072916,220.0,car,[227.81416508960646 202.47728377760075 678.7138364825736 745.4326411272843],[410.67938232421875 401.14434814453125 497.085205078125 481.3905029296875],0.6560747623443604,176-YDT,0.9972593285651021
2023-11-22 15:11:22.753903,220.0,car,[233.3268759581919 240.25281380003986 690.0455570114341 762.9965110870262],[410.6790466308594 401.1037292480469 497.05731201171875 481.3665466308594],0.6560118198394775,176-YDT,0.9971126251275236
2023-11-22 15:11:27.190791,220.0,car,[119.32597165246713 97.51475537099114 568.1876616418189 545.8573126250019],[235.4981231689453 212.48194885253906 344.5451965332031 275.6661071777344],0.6388683915138245,MKZ-479-A,0.7597141019831725
2023-11-22 15:11:27.844974,220.0,car,[164.94334708968995 112.21144394517395 589.3939601283876 556.6915691395943],[334.7879638671875 304.3948059082031 411.5749816894531 361.2424011230469],0.627788782119751,PBG-30-96,0.9970623051559715
2023-11-22 15:11:28.491597,220.0,car,[186.0644726066709 118.21541835121684 593.1621198326343 560.132959726626],[334.76416015625 304.3963623046875 411.5718688964844 361.2785339355469],0.6283763647079468,PBG-30-96,0.9975619342366938
2023-11-22 15:11:30.355623,220.0,truck,[168.84872180860629 35.6523848232429 591.284608386296 489.7089213015854],[324.6708984375 340.75445556640625 430.1477966308594 413.5287170410156],0.628794252872467,PEK-42-621,0.6466829401993923
2023-11-22 15:11:31.043491,220.0,truck,[152.53191836888496 30.237561894309096 596.8938977300635 498.8627020437434],[324.63568115234375 340.7452697753906 430.10809326171875 413.56439208984375],0.6284058094024658,PEK-42-621,0.5183690632885176
2023-11-22 15:11:31.705197,220.0,car,[225.65148754504114 2.5148108448455844 672.3609609050475 463.31260200103327],[471.9407043457031 293.2850646972656 560.2462158203125 351.58648681640625],0.6235435009002686,269-BAF,0.48872006896419823
2023-11-22 15:11:32.445083,220.0,car,[252.7887279052322 -6.490987258184191 701.1274147283316 448.68197332597055],[471.93914794921875 293.2829895019531 560.296142578125 351.61279296875],0.6233737468719482,269-BAF,0.748555231728047
2023-11-22 15:11:35.451946,220.0,car,[164.98934450126714 74.13909687457641 640.7609953404021 545.7423930120476],[357.0140075683594 271.3309020996094 442.7086486816406 334.17242431640625],0.7091872692108154,PDJ-61-516,0.3496621416872296
2023-11-22 15:11:37.582096,220.0,car,[166.09539785474772 1.9589647717918695 633.2311074041119 470.1545037893434],[350.9361267089844 139.62278747558594 484.6886291503906 236.61968994140625],0.5956829190254211,PDH-66-58,0.9787339591082552
2023-11-22 15:11:38.117131,220.0,car,[148.00469676521135 0.7535133567785124 637.6406562163318 476.11848946946253],[350.93267822265625 139.61170959472656 484.6853942871094 236.6184539794922],0.5956908464431763,PDH-66-58,0.9787339591082552
2023-11-22 15:11:38.812513,220.0,car,[170.68283347712006 6.889611356594685 667.1625739644504 484.8899813372906],[402.9342041015625 185.31639099121094 519.2931518554688 264.89447021484375],0.5832473039627075,HDE-813-A,0.9550594743693462
2023-11-22 15:11:43.049918,220.0,truck,[115.19291539721405 -0.7572185252223846 584.7720431555267 493.92335472304273],[266.8819274902344 166.578369140625 382.3065490722656 238.78225708007812],0.5658286809921265,PBJ-40-836,0.49166018828282576
2023-11-22 15:11:46.958268,289.0,car,[146.38273620243066 62.37307197053775 608.7699129740564 529.4679405617474],[331.13824462890625 231.5027618408203 442.5008239746094 302.9028625488281],0.6341121792793274,NKT-61-51,0.7864899782745989
2023-11-22 15:11:55.438496,-1,-1,[-1 -1 -1 -1],[463.1861572265625 396.93914794921875 618.2825927734375 483.0120849609375],0.3440820276737213,PBU-26-231,0.4816206035787069
2023-11-22 15:11:56.372907,289.0,truck,[279.7999847561056 38.08399005841949 795.791637199496 513.2604214694697],[463.1873474121094 396.9401550292969 618.2831420898438 483.0108947753906],0.34393635392189026,PBU-26-231,0.48159463763505767
2023-11-22 15:11:57.322473,-1,-1,[-1 -1 -1 -1],[479.9141540527344 214.61402893066406 645.062255859375 322.55926513671875],0.6523683667182922,PCD-65-33,0.8909585493874542
2023-11-22 15:11:57.927566,300.0,car,[257.9836164259312 -12.126901209802583 762.4737045484542 481.18916310917655],[503.5309753417969 173.62100219726562 590.3093872070312 239.9656219482422],0.6079080104827881,MCP-223-4,0.5844160440840108
2023-11-22 15:11:58.562929,300.0,car,[270.7907032298265 -5.616374077426741 736.5588661061109 450.2208422488344],[503.529052734375 173.61627197265625 590.31298828125 239.965087890625],0.6080639958381653,MCP-223-4,0.5844160440840108
2023-11-22 15:11:59.246795,300.0,car,[241.7774945584627 7.274746178722012 705.1475429599977 469.14083793771204],[433.3910827636719 188.47787475585938 532.2132568359375 250.90512084960938],0.5091583728790283,ULJU-WLJ,0.1490130853801834
2023-11-22 15:12:01.371245,289.0,car,[277.4324483258876 129.84172296609822 723.1512278082214 624.905280255088],[415.042724609375 378.6755676269531 463.3540954589844 418.9820251464844],0.6582252383232117,P0D-67-32,0.29205200211208515
2023-11-22 15:12:02.057901,289.0,car,[313.5920222836473 73.35418353160725 749.0050523532318 575.196148683061],[465.2084655761719 282.813232421875 544.884033203125 340.6065673828125],0.653645396232605,NST-48-46,0.7145481894292584
2023-11-22 15:12:02.786170,289.0,car,[328.9581724330058 50.38004640529445 756.794861005869 557.3984394149257],[465.1695556640625 282.7317199707031 544.8953247070312 340.6005554199219],0.6532018184661865,NST-48-46,0.6510715283342892
2023-11-22 15:12:05.243634,289.0,car,[343.2930137668669 102.77177822014224 681.2229100625403 460.6702927837322],[437.0948181152344 193.2213134765625 496.2754211425781 240.85098266601562],0.6043384671211243,LJK-866-,0.4716179791318691
2023-11-22 15:12:05.852352,289.0,car,[332.1229402923972 98.02900043161372 661.7661300663151 448.0024088087608],[437.09490966796875 193.22227478027344 496.27587890625 240.84974670410156],0.604361891746521,LJK-866-,0.4716179791318691
2023-11-22 15:12:08.422489,289.0,car,[338.5395106573099 111.81494306261683 699.2985319508266 502.33656171196264],[472.1783752441406 367.3890075683594 535.2064819335938 413.57794189453125],0.6634777784347534,PCH-95-93,0.3706138373232382
2023-11-22 15:12:14.487448,-1,-1,[-1 -1 -1 -1],[382.4420471191406 310.5119934082031 481.49578857421875 388.91741943359375],0.6247782111167908,NZK-78-65,0.9955282249954698
2023-11-22 15:12:15.108487,-1,-1,[-1 -1 -1 -1],[382.4391174316406 310.51263427734375 481.5018310546875 388.9248352050781],0.6246326565742493,NZK-78-65,0.9961848802835305
2023-11-22 15:12:19.847499,325.0,car,[274.9290434746441 9.170544754387606 718.7905529240207 500.1399137972804],[392.8699951171875 183.37843322753906 476.97711181640625 248.6212921142578],0.612030565738678,1B86-BBH,0.44090681175128915
2023-11-22 15:12:20.460113,325.0,car,[268.5581985928195 10.493957163001738 709.8944761780942 508.58763917683495],[392.8597717285156 183.36618041992188 476.94775390625 248.61636352539062],0.6121194958686829,1B86-BBHR,0.13595974374476757
2023-11-22 15:12:21.044002,328.0,truck,[350.8367075060012 -11.709961030665852 812.9723951277417 546.9161342016553],[502.70233154296875 298.883056640625 590.2893676757812 376.115478515625],0.6111446022987366,K20-BGM,0.4514092224958181
2023-11-22 15:12:21.724681,328.0,truck,[369.06883274576256 -13.885449684443302 843.6840458673946 548.5185225815446],[502.69683837890625 298.8860168457031 590.2713012695312 376.08648681640625],0.611084520816803,K20-BGM,0.422619479753757
2023-11-22 15:12:24.968175,335.0,car,[233.58421450889958 3.015053672203237 713.8828924789151 497.88215919781805],[361.26171875 203.58592224121094 444.6313781738281 265.03656005859375],0.6509637832641602,746-XHJ,0.6582027693624303
2023-11-22 15:12:25.616255,335.0,car,[233.39524130627063 9.135079765070685 698.7870506038503 477.3400789820489],[361.2507019042969 203.54705810546875 444.67877197265625 265.0321350097656],0.6506808400154114,746-XHJ,0.9206880569845788
2023-11-22 15:12:28.783305,328.0,car,[278.8766347347297 0.609312033401153 757.5444128991284 482.927430092848],[408.8963928222656 103.76138305664062 501.9925231933594 170.17529296875],0.6445183157920837,UNGH-91-35,0.39803680943372194
2023-11-22 15:12:29.510072,328.0,car,[256.73607591024904 -2.935190818339521 739.1292234490312 481.23371906632804],[408.8949279785156 103.76305389404297 501.9930725097656 170.18280029296875],0.6444842219352722,UNGH-91-35,0.39803680943372194
2023-11-22 15:12:30.195885,328.0,car,[315.7204353701283 26.400221675676875 784.5844682277625 503.1594288205748],[500.1134948730469 217.90512084960938 598.8816528320312 287.8962707519531],0.6419398188591003,WSR-99-57,0.9665157469482991
2023-11-22 15:12:30.832816,328.0,car,[359.99793057332744 10.071507299611767 823.632924315277 491.5134263186955],[516.0714111328125 305.2318115234375 613.7993774414062 375.377685546875],0.6117960810661316,NGJ-95-991,0.6415110640014677
2023-11-22 15:12:31.602824,328.0,car,[377.3380350883563 2.998421029358866 836.9795360829721 487.7736320199846],[516.0681762695312 305.2376708984375 613.813720703125 375.38189697265625],0.6116182208061218,NGJ-95-991,0.5935440475646393
2023-11-22 15:12:32.344238,328.0,car,[236.1779091840501 1.344363699880489 722.9384908200134 496.02616821082466],[305.2690734863281 181.78811645507812 430.77020263671875 265.9361572265625],0.5894985795021057,NSH-62-93,0.9174692373483784
2023-11-22 15:12:33.287194,328.0,car,[177.86373480169573 -0.5854189302384327 683.9508056185508 500.4144248996297],[305.2728271484375 181.79550170898438 430.763427734375 265.9407958984375],0.5896703004837036,NSH-62-93,0.9063585705232895
2023-11-22 15:12:34.203062,-1,-1,[-1 -1 -1 -1],[574.2947387695312 163.3296661376953 718.9891967773438 261.59686279296875],0.6531156301498413,LGG-015-A,0.9477329649660687
2023-11-22 15:12:36.075544,352.0,car,[401.6257202408329 -26.182502042983344 760.4028452968726 523.8362551305975],[425.4295349121094 160.374755859375 540.5242309570312 240.26531982421875],0.5021792650222778,LHU-265-A,0.9931736185943097
2023-11-22 15:12:39.151539,328.0,car,[345.22163078518486 -2.2329461477970938 789.3044946619917 483.69303975995047],[493.07611083984375 136.28713989257812 605.9588012695312 217.97511291503906],0.5937380790710449,NXZ-68-28,0.9868287691590741
2023-11-22 15:12:39.832686,328.0,car,[354.07420977943747 -2.6729930823352106 817.5573070345727 485.008907961386],[493.1126403808594 136.2999267578125 605.9515380859375 217.979736328125],0.5941264629364014,NXZ-68-28,0.9918695202090894
2023-11-22 15:12:41.452300,328.0,car,[327.3447606290225 -21.813348943336877 787.6193055840291 448.90367529002197],[497.1697082519531 249.17294311523438 574.9129638671875 302.3734130859375],0.6790771484375,LLNJ-966-A,0.39204735971402516
2023-11-22 15:12:42.080589,328.0,car,[341.041003239362 -25.784305034474016 783.074768222486 422.12887743242345],[497.1779479980469 249.16712951660156 574.9080200195312 302.3556823730469],0.6790708303451538,LLNJ-966-A,0.4090267139478744
2023-11-22 15:12:50.003058,328.0,car,[247.50702015428737 29.420334469399194 806.6647649339029 529.129974654752],[428.057861328125 300.885986328125 540.3837890625 375.94329833984375],0.6282268166542053,3868-1UUU,0.483863574688419
2023-11-22 15:12:50.695925,328.0,car,[266.91584863261915 27.77260574038928 830.4047586287716 551.5702840153649],[428.0552062988281 300.88397216796875 540.3803100585938 375.93707275390625],0.6283637285232544,3868-1UUU,0.483863574688419
2023-11-22 15:12:51.555831,328.0,car,[241.12948241858516 9.432834235099904 777.206665495564 519.6548879141247],[407.1297302246094 258.6169128417969 501.3186340332031 323.85528564453125],0.6963235139846802,HLE-68-13,0.7248010223472479
2023-11-22 15:12:52.436906,328.0,car,[209.60743775699558 -10.195987815904147 733.541896035658 482.8047003173108],[330.7939453125 188.65516662597656 418.7080993652344 250.50448608398438],0.6430488228797913,XYA-70-69,0.42000097448788465
2023-11-22 15:12:53.113542,328.0,car,[199.9652624330663 -14.574419369680442 714.6211751890798 465.71180944874425],[330.7909240722656 188.6406707763672 418.7102966308594 250.510498046875],0.6430927515029907,XYA-70-69,0.45592746295451625
2023-11-22 15:12:53.804393,328.0,car,[177.47763945340364 0.7343051113003014 700.5580947283546 494.0299965819679],[338.3648986816406 295.07684326171875 438.6975402832031 359.1378479003906],0.7053259611129761,K32-AWG,0.5267490255813141
2023-11-22 15:12:54.538963,328.0,car,[167.77229911678637 4.358479043045804 696.6958800523167 507.0466962387899],[338.36700439453125 295.0875549316406 438.695068359375 359.1427917480469],0.7052994966506958,K32-AWG,0.5267490255813141
2023-11-22 15:12:55.167506,328.0,car,[208.89507526796572 8.236577867034612 698.4070902402871 496.6947705724196],[403.1691589355469 292.6567077636719 478.9988098144531 349.3790588378906],0.6442552804946899,PEA-68-34,0.8553681316547792
2023-11-22 15:12:57.238462,328.0,car,[153.78426937359424 20.620681559402044 658.7967063086588 510.04358187573513],[294.6369323730469 253.81690979003906 397.4402160644531 323.0391845703125],0.6075440049171448,PEN-67-56,0.9969209163027086
2023-11-22 15:13:00.089415,328.0,car,[203.90218079545465 -10.20681155356533 677.9615964617788 466.85168350528886],[341.2383117675781 237.21995544433594 419.8759765625 292.9263610839844],0.7251286506652832,M06-AUA,0.8934325732389273
2023-11-22 15:13:00.711950,328.0,car,[192.90839487379102 -13.238604123301258 649.5921772338793 452.8432247299377],[341.2353515625 237.2046661376953 419.9083557128906 292.92840576171875],0.7248737215995789,M06-AUA,0.8957379336116
2023-11-22 15:13:01.346378,-1,-1,[-1 -1 -1 -1],[294.7933349609375 438.7098388671875 424.3183898925781 526.9268188476562],0.6039381623268127,HBN-375-A,0.5364349959352068
2023-11-22 15:13:03.536674,328.0,car,[177.24148304732458 14.439928039733815 664.8710567867016 515.5097974799669],[354.5197448730469 411.6354675292969 447.3653869628906 469.5998840332031],0.6247432827949524,HRJ-53-53,0.597649570298488
2023-11-22 15:13:07.485688,328.0,car,[125.25848248494913 15.529203358066695 625.7323893959007 578.1589640266482],[184.21246337890625 318.6061096191406 298.6598815917969 398.6402282714844],0.5955460071563721,685-511,0.254941562192907
2023-11-22 15:13:08.135457,328.0,car,[107.39050158943712 13.462542870214577 591.3944716156743 581.649374630699],[184.1923370361328 318.5724792480469 298.66729736328125 398.6913757324219],0.5947263240814209,685-511,0.2157008542848414
2023-11-22 15:13:09.483121,328.0,car,[221.29273197236125 17.13291128520899 740.2128724012639 555.45590140388],[415.0357360839844 238.73794555664062 529.5758666992188 311.2596435546875],0.6689948439598083,HFH-471-A,0.871428775489473
2023-11-22 15:13:10.120150,328.0,car,[241.33430825691346 11.280723751747075 769.7475733694989 544.9819017290297],[415.0302429199219 238.7325439453125 529.5747680664062 311.262451171875],0.6689797639846802,HFH-471-A,0.8672970047883226
2023-11-22 15:13:10.732803,328.0,car,[211.7470734464693 11.332535797543699 788.2534227980018 556.8089758331553],[390.69482421875 396.28582763671875 532.9575805664062 484.7384033203125],0.6490439772605896,MNZ-197-A,0.907579099897071
2023-11-22 15:13:11.327045,328.0,car,[191.98558577377423 9.80511163361075 803.3734391551186 562.7455610698617],[390.6935119628906 396.27410888671875 532.9884033203125 484.7490234375],0.6490993499755859,MNZ-197-A,0.9040229541361927
2023-11-22 15:13:12.297713,-1,-1,[-1 -1 -1 -1],[319.4138488769531 476.0765075683594 474.7991638183594 605.5238037109375],0.44746264815330505,NZ4-56-54,0.7486708745406009
2023-11-22 15:13:13.109570,-1,-1,[-1 -1 -1 -1],[319.3633117675781 476.0601501464844 474.8398132324219 605.5392456054688],0.4474659264087677,NZ4-56-54,0.7754489601634511
2023-11-22 15:13:15.637212,-1,-1,[-1 -1 -1 -1],[180.87025451660156 333.7383728027344 286.9030456542969 437.9857177734375],0.5571072697639465,NHE-72-0S,0.3238361747643106
2023-11-22 15:13:16.320857,-1,-1,[-1 -1 -1 -1],[180.87046813964844 333.7394714355469 286.9017333984375 437.9854431152344],0.5571022033691406,NHE-72-0S,0.3238361747643106
2023-11-22 15:13:16.995299,-1,-1,[-1 -1 -1 -1],[397.37750244140625 332.5458068847656 528.6298828125 422.7107849121094],0.585909366607666,NHE-72-01,0.8857999797743262
2023-11-22 15:13:17.691638,-1,-1,[-1 -1 -1 -1],[311.4522399902344 510.7393798828125 462.9718322753906 636.755126953125],0.5906974673271179,NHK-18-67,0.6846625044715076
2023-11-22 15:13:18.265777,-1,-1,[-1 -1 -1 -1],[311.4595642089844 510.74359130859375 462.968994140625 636.7549438476562],0.5907090902328491,NHK-18-67,0.6793474434992748
2023-11-22 15:13:18.901955,411.0,car,[252.081664892096 -15.208792308543536 856.7105998925543 632.2207985207831],[407.3485107421875 434.82769775390625 511.8952331542969 513.6201782226562],0.5816683173179626,HJE-982-5,0.5894655999841472
2023-11-22 15:13:20.870184,-1,-1,[-1 -1 -1 -1],[325.4275817871094 351.2437438964844 446.3236999511719 442.5935974121094],0.623490035533905,RAV-186-B,0.9958960996756681
2023-11-22 15:13:21.632974,415.0,car,[172.67296707496683 86.91346244723269 796.739444969342 719.3534156583705],[325.4427185058594 351.2534484863281 446.2928771972656 442.5860900878906],0.6237640380859375,RAV-186-B,0.9964332546597914
2023-11-22 15:13:22.405065,415.0,truck,[138.86418541785946 34.3014184407362 820.6580143797223 720.2524242718603],[254.6813507080078 283.5702209472656 436.8002014160156 415.6097717285156],0.6647945642471313,794-XTG,0.9329600564661628
2023-11-22 15:13:23.083749,415.0,car,[133.092664544015 15.36371811506939 835.8124083149537 724.0832141957603],[314.8098449707031 170.18592834472656 537.9893798828125 350.08648681640625],0.3073400557041168,PEK-96-58,0.9981594355914761
2023-11-22 15:13:24.076073,415.0,car,[129.82718096345428 6.584410858773765 842.6202085574043 726.6854623159011],[314.80694580078125 170.18557739257812 538.0052490234375 350.0845031738281],0.30736348032951355,PEK-96-58,0.9987086656275725
2023-11-22 15:13:27.419138,-1,-1,[-1 -1 -1 -1],[131.79232788085938 291.9118957519531 283.91461181640625 415.0690612792969],0.514927327632904,LHN-121-,0.9986476345173743
2023-11-22 15:13:28.055709,-1,-1,[-1 -1 -1 -1],[131.7684326171875 291.9289245605469 283.9091491699219 415.0740051269531],0.5152286291122437,LHN-121-,0.6466048365718264
2023-11-22 15:13:28.850478,415.0,car,[151.09493131963853 10.888777379147712 801.8728055635959 698.1566191477114],[338.67919921875 223.5091094970703 536.1432495117188 355.9856262207031],0.5401172637939453,LHN-121-A,0.9246394029409807
2023-11-22 15:13:30.019746,-1,-1,[-1 -1 -1 -1],[285.1992492675781 314.5542297363281 427.0745849609375 429.5093078613281],0.5741727948188782,4GJ-245-A,0.5442218288325178
2023-11-22 15:13:32.026772,-1,-1,[-1 -1 -1 -1],[333.0210266113281 513.8734741210938 529.1672973632812 665.2440185546875],0.5414056181907654,NXZ-51-16,0.3074676081564189
2023-11-22 15:13:32.570301,427.0,car,[133.20471852824096 16.58321334442445 832.8879133530816 684.3219420651258],[333.04541015625 513.8991088867188 529.1724243164062 665.244140625],0.5415118932723999,NXZ-51-16,0.35798569474281666
2023-11-22 15:13:33.810037,427.0,car,[121.50283437223567 -0.47439853830803713 711.0743744362169 574.367603069864],[401.728271484375 280.16448974609375 501.48358154296875 345.5088806152344],0.5969944000244141,PEC-71-76,0.9356165280356064
2023-11-22 15:13:34.378894,427.0,car,[140.87989803520423 2.5233820821093786 688.7172048883856 526.4959754101282],[401.7230529785156 280.1690368652344 501.4803771972656 345.5155334472656],0.5974509119987488,PEC-71-76,0.9222832762701251
2023-11-22 15:13:35.626550,-1,-1,[-1 -1 -1 -1],[434.0715637207031 187.05418395996094 527.272216796875 249.89694213867188],0.5571932196617126,HBH-382-A,0.5930422297175664
2023-11-22 15:13:36.294709,-1,-1,[-1 -1 -1 -1],[434.0728454589844 187.05197143554688 527.2734985351562 249.89625549316406],0.5571904182434082,HBH-382-A,0.5930422297175664
2023-11-22 15:13:37.608756,432.0,car,[124.5532459994534 52.579594521192234 747.0097836183361 659.7262240329225],[351.978515625 469.06439208984375 539.0430908203125 596.6658325195312],0.33566248416900635,PEC-11-68,0.8102772193672128
2023-11-22 15:13:38.444259,432.0,truck,[126.20593448260519 25.32343359347101 809.1754920376661 691.1004267835136],[376.897216796875 466.0455322265625 571.3187866210938 583.3401489257812],0.6844956278800964,8630-BUUU8,0.10277613145492684
2023-11-22 15:13:39.151144,432.0,truck,[122.17148830862124 4.579075335505308 833.9511499553694 689.2475474382004],[376.9829406738281 466.0585632324219 571.2960205078125 583.34228515625],0.6851514577865601,8630-BUUUE,0.17182765138277836
2023-11-22 15:13:39.954449,434.0,car,[200.36131151111044 -39.699666501352965 933.2323680267139 425.70915763739157],[347.69573974609375 116.32887268066406 509.4956359863281 237.93255615234375],0.5709341168403625,PAX-60-94,0.9538856027492133
2023-11-22 15:13:42.979025,432.0,car,[30.668467472196653 14.288252287036414 860.6296200896361 590.7319712970097],[215.2038116455078 234.4307098388672 395.1422424316406 352.5419616699219],0.5943350195884705,MX-79-0,0.5545227215762589
2023-11-22 15:13:43.727484,432.0,car,[-16.30246199686195 -6.958993214454665 774.2095438996976 554.4455095750898],[149.24208068847656 311.7785339355469 362.0794677734375 445.6533508300781],0.3413606584072113,HTL-57-507,0.5484685796793946
2023-11-22 15:13:44.627539,432.0,car,[-27.311141335255115 -12.063176956469192 734.8588693237824 538.6717294915632],[149.24473571777344 311.75457763671875 362.1123046875 445.6263427734375],0.34224390983581543,HTL-57-507,0.5731913645396618
2023-11-22 15:13:48.965648,432.0,car,[72.48994409067615 26.95643064236458 895.7923460874208 599.9770281865432],[284.21795654296875 253.8468017578125 441.4776306152344 362.6755676269531],0.614608108997345,43J-126,0.9945096330904892
2023-11-22 15:13:49.616902,432.0,car,[84.88765718002878 35.608698961809466 917.7012134218854 650.7450558307894],[284.03704833984375 253.7322235107422 441.4739685058594 362.74981689453125],0.614606499671936,43J-126,0.9949976612481719
2023-11-22 15:13:52.306550,441.0,bus,[65.74098878039717 -4.45487594552452 911.4602718354663 709.417454422214],[244.1033935546875 231.3262481689453 420.3203430175781 355.3808288574219],0.6125614047050476,PAE-61-527,0.7448414859776078
2023-11-22 15:13:52.895150,441.0,bus,[59.23484910735294 -3.265959918253202 894.2434540428812 703.1690416903231],[244.07872009277344 231.29942321777344 420.3301696777344 355.39703369140625],0.6128986477851868,PAE-61-527,0.7679041281862331
2023-11-22 15:13:53.505095,441.0,car,[116.50892236511424 -8.520565314029 937.0441980312313 676.9688186110303],[300.32696533203125 353.6873474121094 454.4551696777344 475.4409484863281],0.5831255912780762,NSB-55-63,0.9806449592576443
2023-11-22 15:14:18.699643,-1,-1,[-1 -1 -1 -1],[268.9175109863281 351.49835205078125 442.83306884765625 460.7718505859375],0.670158863067627,PDH-Z0-76,0.6283275917866213
2023-11-22 15:14:19.432872,452.0,car,[99.89767535402024 9.571048977352916 797.3775141486383 570.6516191985119],[325.3712463378906 391.24786376953125 459.580078125 481.48187255859375],0.5931036472320557,NLR-15-687,0.729149079937346
2023-11-22 15:14:20.084412,452.0,car,[115.24615407455514 11.632185738464614 786.5926406261119 573.9650981820886],[325.3697204589844 391.2463073730469 459.57586669921875 481.4696960449219],0.5931774973869324,NLR-15-687,0.6510147834509376
2023-11-22 15:14:28.529974,-1,-1,[-1 -1 -1 -1],[352.78765869140625 252.30615234375 469.14385986328125 328.9153747558594],0.590015172958374,KJB-664-A,0.8456527567985456
2023-11-22 15:14:31.309367,-1,-1,[-1 -1 -1 -1],[345.5694580078125 484.3248596191406 466.1400146484375 567.2694091796875],0.581605851650238,PAZ-25-68,0.9998449424398572
2023-11-22 15:14:32.033338,-1,-1,[-1 -1 -1 -1],[345.56988525390625 484.2992248535156 466.1725158691406 567.28076171875],0.581641674041748,PAZ-25-68,0.9998402134324653
2023-11-22 15:14:32.625634,460.0,car,[64.05973498481603 -12.90264208217883 768.5536788727964 610.650103157408],[323.096923828125 383.2467041015625 512.5977172851562 502.1065979003906],0.6416694521903992,NZK-13-64,0.39015038693897214
2023-11-22 15:14:33.293940,460.0,car,[28.53114521881696 -18.77813308888284 782.9403576888841 608.4344884002285],[323.0876770019531 383.25018310546875 512.5927734375 502.11273193359375],0.6414214968681335,NZK-13-64,0.3896578840217104
2023-11-22 15:14:33.884970,460.0,car,[39.19029326875176 -0.29550825203955355 766.7307438710488 635.4153659062788],[355.4676208496094 280.6795349121094 499.9876403808594 380.11065673828125],0.596443235874176,PCA-96-641,0.8080811592612865
2023-11-22 15:14:36.995287,460.0,car,[98.5324241994474 -10.80295064217222 755.3912496229683 615.4481084390691],[344.4295349121094 278.949951171875 448.90557861328125 355.1942443847656],0.6198840737342834,NHT-70-70,0.9986515266564503
2023-11-22 15:14:37.702163,460.0,car,[125.43037117435995 -5.7866180740096524 728.6834500796723 600.3678217871301],[344.41943359375 278.9365539550781 448.8884582519531 355.20367431640625],0.6198539137840271,NHT-70-70,0.9986366949096026
2023-11-22 15:14:38.377313,-1,-1,[-1 -1 -1 -1],[179.96914672851562 604.7691650390625 297.01190185546875 686.8046264648438],0.6293561458587646,LKH-331-A,0.8053346002795356
2023-11-22 15:14:39.017266,460.0,car,[19.485619050532307 106.40485118917957 592.6416689378227 705.4289655680321],[179.9607391357422 604.7564086914062 297.0085754394531 686.8057861328125],0.6292591094970703,LKH-331-A,0.8277829760714409
2023-11-22 15:14:56.108850,474.0,car,[184.29507585789364 4.792923482332554 583.8749075321588 389.49458809002317],[350.7117919921875 235.03500366210938 418.53955078125 281.7320556640625],0.6626219153404236,LHC-395-0,0.5859675309196279
2023-11-22 15:14:57.001869,474.0,car,[210.65296020244793 -0.3263210258990057 591.657154239759 379.88525190600257],[350.7168884277344 235.0352020263672 418.5435791015625 281.72357177734375],0.6626452803611755,LHC-395-0,0.5859675309196279
2023-11-22 15:14:58.982072,474.0,car,[255.3456798387704 -4.793681593427294 694.1778463590163 391.106663555414],[409.76531982421875 200.77500915527344 508.97039794921875 268.0482177734375],0.6250122785568237,LRY-126-H,0.7258050627508188
2023-11-22 15:15:00.228669,474.0,car,[269.80325116903737 10.92294413793087 679.7890839924434 386.53147677614845],[391.014404296875 192.12144470214844 441.92889404296875 231.0446319580078],0.6812995076179504,5554-UZM,0.13990217576391004
2023-11-22 15:15:03.560734,474.0,car,[280.4262821000683 20.811379266062858 669.0892802678757 380.9996785361303],[391.01422119140625 192.1215057373047 441.92889404296875 231.04478454589844],0.681303083896637,5554-UZM,0.13990217576391004
2023-11-22 15:15:06.741903,474.0,car,[297.1620330800463 49.68997971780527 698.1928361827231 416.34569293419116],[382.749267578125 234.98043823242188 442.3944396972656 279.261474609375],0.6657628417015076,ZR-39-61,0.8237635080587461
2023-11-22 15:15:10.636821,474.0,car,[255.73000007414774 21.172152854633993 679.342061116404 427.3375544677733],[358.8084411621094 185.0866241455078 413.8597412109375 223.61302185058594],0.6221593022346497,PDH-50-49,0.801329158847881
2023-11-22 15:15:11.188500,474.0,car,[254.71130437979602 20.646113038380122 666.9785820049372 413.19232422710553],[358.8065490722656 185.08639526367188 413.8588562011719 223.61471557617188],0.6223991513252258,PDH-50-49,0.801329158847881
2023-11-22 15:15:12.556208,474.0,car,[183.4043759072399 -9.353764678514437 648.8567964889572 372.78923049319445],[302.1112060546875 229.6748809814453 381.81646728515625 274.4390869140625],0.7309713363647461,HPD-692-C,0.40899607017667755
2023-11-22 15:15:13.155654,474.0,car,[178.81970575782208 -13.160819665593664 650.6055861687635 355.65863183039744],[302.1178894042969 229.67271423339844 381.8171081542969 274.4513244628906],0.7310827970504761,HPD-692-C,0.4619463245956059
2023-11-22 15:15:15.203003,474.0,car,[210.69262959382397 2.1257611992112118 641.5772716592008 367.5419144693267],[363.6007995605469 150.04917907714844 429.6674499511719 200.34585571289062],0.6430426239967346,1NG-75-91,0.24471909732486552
2023-11-22 15:15:19.188394,474.0,car,[196.70587358952042 4.328535307717743 669.0338571997427 382.44577769931874],[408.26312255859375 157.10903930664062 470.8465576171875 207.8923797607422],0.6119229197502136,NHA-55-33,0.13832076254381848
2023-11-22 15:15:23.705542,474.0,car,[184.4647131569434 3.59021459035489 686.5570418851958 389.76424659270873],[408.265869140625 157.11068725585938 470.8505859375 207.88954162597656],0.6119922995567322,NHA-55-33,0.1452934733583627
2023-11-22 15:15:28.715513,474.0,car,[190.18061394766048 22.46285399606424 650.5034675142432 408.5852423927711],[327.7546081542969 143.62213134765625 389.3838806152344 189.12002563476562],0.6612317562103271,HDR-81-61,0.6242971425424195
2023-11-22 15:15:29.262419,474.0,car,[198.6729596970679 13.658718338849013 640.1988504463601 405.9051098498842],[327.75872802734375 143.62286376953125 389.3632507324219 189.08982849121094],0.6617258191108704,HDR-81-61,0.628593966730771
2023-11-22 15:15:29.839265,474.0,car,[220.15648388415096 41.05797571705955 669.323422881132 455.16723688560245],[353.4429016113281 241.74783325195312 439.4967956542969 302.608154296875],0.6012229919433594,PEH-21-18,0.6208600489025595
2023-11-22 15:15:30.572316,474.0,car,[227.45281945695507 47.436549123911306 681.2946944973457 477.7087515173754],[353.4421691894531 241.7476043701172 439.4967956542969 302.603515625],0.6012188196182251,PEH-21-18,0.6208600489025595
2023-11-22 15:15:48.017874,-1,-1,[-1 -1 -1 -1],[556.8645629882812 25.067481994628906 876.1183471679688 213.98208618164062],0.5316473841667175,T60-AZM,0.6012536442927108
2023-11-22 15:16:17.594329,-1,-1,[-1 -1 -1 -1],[395.99066162109375 271.6293640136719 461.8959045410156 326.5912170410156],0.4493156373500824,NHA-32-46,0.6453734902175784
2023-11-22 15:16:18.541880,-1,-1,[-1 -1 -1 -1],[396.0020446777344 271.6325988769531 461.9009704589844 326.64434814453125],0.4509776532649994,NHA-32-46,0.3787489549647004
2023-11-22 15:16:21.164066,-1,-1,[-1 -1 -1 -1],[446.4485168457031 396.047607421875 542.8590087890625 464.476318359375],0.6394045352935791,ACH-88-01,0.6078463706693847
2023-11-22 15:17:59.250484,-1,-1,[-1 -1 -1 -1],[425.7479553222656 556.24951171875 469.6619567871094 590.8005981445312],0.4709549844264984,NAG-26-58,0.07197274007020132
2023-11-22 15:19:22.218626,-1,-1,[-1 -1 -1 -1],[646.2048950195312 290.6207275390625 728.8308715820312 345.8262023925781],0.6919443607330322,NNH-85-121,0.36768142377316027
2023-11-22 15:19:23.611057,-1,-1,[-1 -1 -1 -1],[646.1946411132812 290.6177978515625 728.8301391601562 345.8280334472656],0.6919878721237183,NNH-85-121,0.36768142377316027
2023-11-22 15:19:29.664004,798.0,car,[246.6868001103207 32.689673970886275 625.2627054096881 432.0546546525087],[498.3300476074219 282.3477783203125 542.493408203125 309.7234191894531],0.6251043677330017,NDC-60-9E,0.23257545110563826
2023-11-22 15:19:31.711482,798.0,car,[300.6725936348896 28.830582473749956 640.0900677832066 388.3588831203905],[498.3260498046875 282.352294921875 542.4923706054688 309.73974609375],0.624835193157196,NDC-60-9E,0.24023178642434523
